[
  {
    "id": "975d44f8-a830-42af-ae33-50abc5a6edc3",
    "data": [
      {
        "text": "How many new cases today?",
        "userDefined": false
      }
    ],
    "isTemplate": false,
    "count": 0,
    "lang": "en",
    "updated": 0
  },
  {
    "id": "d139fee5-6c5a-4acc-9ca9-9834c9fad7c6",
    "data": [
      {
        "text": "How many new cases in ",
        "userDefined": false
      },
      {
        "text": "Oahu",
        "meta": "@sys.geo-city",
        "alias": "geo-city",
        "userDefined": true
      },
      {
        "text": "?",
        "userDefined": false
      }
    ],
    "isTemplate": false,
    "count": 0,
    "lang": "en",
    "updated": 0
  },
  {
    "id": "9f133be6-b496-4a9e-8618-57f39200292f",
    "data": [
      {
        "text": "How many new cases in ",
        "userDefined": false
      },
      {
        "text": "Hawaii",
        "meta": "@sys.ignore",
        "userDefined": true
      },
      {
        "text": "?",
        "userDefined": false
      }
    ],
    "isTemplate": false,
    "count": 0,
    "lang": "en",
    "updated": 0
  }
]